{
    "path": [
        "Acknowledged Pawn",
        "Components",
        "SkeletalMeshComponent CharacterMesh1P"
    ],
    "state": {
        "hand": 1,
        "location_offset": {
            "x": 0.0,
            "y": 0.0,
            "z": 0.0
        },
        "permanent": true,
        "rotation_offset": {
            "w": -0.6921535730361938,
            "x": 0.14464908838272095,
            "y": 0.6921536326408386,
            "z": 0.14464908838272095
        }
    },
    "type": "motion_controller"
}